이름,성별,학번,차수,현재상태,생년월일,기숙사,전공,학년,기간,호실,배정방,입사일자,퇴사일자,차수시작일,차수종료일,HP,사회코드,사회명,ZIP,LINKKEY,주소
최수민,F,20184514,202301HD01,A,960512,B,[유한][UH] 의료뷰티학과,1학년,LY,02,B0806B,20210401,,20210401,20211001,010-1983-6612,S0,장애인,79012,서울시 가나구 다라동 139-79
윤은지,M,20222785,202301SC10,I,981001,B,[유한][UH] 패션디자인학과,3학년,VY,02,B0903B,20210807,,20210807,20220207,010-7818-6426,S3,통학거리,20751,서울시 가나구 다라동 47-46
윤현우,F,20225245,202301SC10,A,990721,B,미디어컨텐츠융합 자율학부,2학년,HY,02,B0904B,20200818,,20200818,20210218,010-3246-7152,S2,장기입사 희망자,92492,서울시 가나구 다라동 133-93
임지영,F,20180009,202301HD01,I,970504,B,인뭉융합 자율학부,2학년,YY,02,B0701B,20190114,,20190114,20190714,010-4184-6494,S2,장기입사 희망자,62604,서울시 가나구 다라동 97-68
최은지,F,20236345,2023SMSK02,A,980615,B,미디어컨텐츠융합 자율학부,1학년,YY,02,B0105A,20230323,,20230323,20230923,010-6397-5207,S4,일반전형,92774,서울시 가나구 다라동 149-142
박지수,M,20184744,2023SMUH02,I,971207,B,[유한][UH] 패션디자인학과,2학년,HY,02,B0701B,20210519,,20210519,20211119,010-4620-5079,S3,통학거리,59808,서울시 가나구 다라동 119-36
윤수민,M,20182206,202301HD01,I,980128,B,IT융합 자율학부,3학년,LY,02,B1009A,20210608,,20210608,20211208,010-1042-9101,S1,저소득계층,13867,서울시 가나구 다라동 36-4
박예진,F,20233911,2023SMUH02,I,980928,B,미디어컨텐츠융합 자율학부,2학년,VY,02,B0206A,20210820,,20210820,20220220,010-2801-3103,S2,장기입사 희망자,73396,서울시 가나구 다라동 69-111
정현우,F,20192798,2023SMSK02,A,991004,B,사회융합 자율학부,3학년,LY,02,B0301B,20230514,,20230514,20231114,010-3871-8934,S3,통학거리,86500,서울시 가나구 다라동 95-84
강지영,F,20219867,202301HD01,A,981221,B,인뭉융합 자율학부,2학년,LY,02,B0401B,20210807,,20210807,20220207,010-4342-7016,S3,통학거리,25076,서울시 가나구 다라동 77-135
박예슬,M,20231818,202301SC10,A,990325,B,[유한][UH] 컴퓨터소프트웨어공학과,3학년,LY,02,B0405A,20220925,,20220925,20230325,010-5432-6856,S1,저소득계층,65380,서울시 가나구 다라동 30-8
이예슬,F,20230676,2023SMUH02,A,960617,B,[유한][UH] 의료뷰티학과,2학년,HY,02,B0702A,20210606,,20210606,20211206,010-1573-6746,S2,장기입사 희망자,80751,서울시 가나구 다라동 114-37
강성우,F,20200565,2023SMUH02,A,960612,B,사회융합 자율학부,3학년,YY,02,B0601B,20210807,,20210807,20220207,010-7452-5943,S1,저소득계층,69035,서울시 가나구 다라동 111-60
김은지,F,20219833,2023SMSK02,A,970815,B,사회융합 자율학부,2학년,VY,02,B0601B,20190119,,20190119,20190719,010-1287-3386,S2,장기입사 희망자,52587,서울시 가나구 다라동 95-150
강수민,F,20188009,202301SC10,A,980327,B,사회융합 자율학부,1학년,HY,02,B0903A,20230106,,20230106,20230706,010-5360-3589,S4,일반전형,61365,서울시 가나구 다라동 82-26
강현우,M,20215823,2023SMUH02,I,981212,B,인뭉융합 자율학부,4학년,VY,02,B0108A,20201118,,20201118,20210518,010-9478-1113,S0,장애인,89957,서울시 가나구 다라동 99-27
장예진,F,20188827,202301HD01,A,981224,B,[유한][UH] 패션디자인학과,1학년,LY,02,B0202B,20220510,,20220510,20221110,010-9458-4501,S1,저소득계층,96542,서울시 가나구 다라동 66-137
강지영,M,20181379,2023SMUH02,I,970516,B,미디어컨텐츠융합 자율학부,4학년,HY,02,B0305B,20210211,,20210211,20210811,010-3825-1074,S4,일반전형,20584,서울시 가나구 다라동 53-60
강성우,M,20222843,2023SMUH02,I,990810,B,미디어컨텐츠융합 자율학부,3학년,YY,02,B0904B,20200110,,20200110,20200710,010-2954-2948,S1,저소득계층,62593,서울시 가나구 다라동 105-139
윤민수,F,20239708,2023SMSK02,I,991201,B,IT융합 자율학부,3학년,YY,02,B0206B,20220101,,20220101,20220701,010-3785-5478,S1,저소득계층,65570,서울시 가나구 다라동 91-122
최은지,F,20197063,2023SMUH02,A,980424,B,[유한][UH] 의료뷰티학과,4학년,YY,02,B1006A,20220304,,20220304,20220904,010-9562-4821,S0,장애인,20639,서울시 가나구 다라동 134-1
김수민,F,20196450,202301SC10,I,971227,B,[유한][UH] 의료뷰티학과,3학년,VY,02,B0202A,20220511,,20220511,20221111,010-6383-4377,S0,장애인,94629,서울시 가나구 다라동 17-42
박예슬,F,20228457,202301HD01,I,960402,B,인뭉융합 자율학부,3학년,LY,02,B0801A,20190117,,20190117,20190717,010-4452-4032,S3,통학거리,13394,서울시 가나구 다라동 14-116
강지수,M,20191477,2023SMUH02,I,960618,B,인뭉융합 자율학부,3학년,HY,02,B0505A,20230818,,20230818,20240218,010-5722-4632,S2,장기입사 희망자,26484,서울시 가나구 다라동 46-90
조지수,F,20237048,2023SMSK02,A,990520,B,IT융합 자율학부,1학년,YY,02,B0606B,20201226,,20201226,20210626,010-8379-2525,S2,장기입사 희망자,92680,서울시 가나구 다라동 3-101
조지영,F,20223096,202301SC10,A,990413,B,사회융합 자율학부,3학년,VY,02,B0808B,20191002,,20191002,20200402,010-9474-6611,S0,장애인,30158,서울시 가나구 다라동 84-105
박수민,F,20212944,2023SMUH02,I,990817,B,[유한][UH] 패션디자인학과,4학년,HY,02,B0605A,20190224,,20190224,20190824,010-8852-2065,S1,저소득계층,35402,서울시 가나구 다라동 145-10
최민수,M,20207636,202301SC10,I,970208,B,[유한][UH] 패션디자인학과,1학년,HY,02,B1009B,20231125,,20231125,20240525,010-2830-4265,S0,장애인,14549,서울시 가나구 다라동 35-73
윤지훈,F,20208187,202301SC10,I,980706,B,미디어컨텐츠융합 자율학부,1학년,LY,02,B0907B,20200201,,20200201,20200801,010-3262-6112,S1,저소득계층,51007,서울시 가나구 다라동 29-76
김예슬,M,20231560,202301SC10,I,981115,B,[유한][UH] 패션디자인학과,1학년,LY,02,B0406A,20210205,,20210205,20210805,010-1952-6097,S0,장애인,58741,서울시 가나구 다라동 121-64
조민수,M,20220270,2023SMSK02,A,970607,B,사회융합 자율학부,3학년,VY,02,B1008A,20221126,,20221126,20230526,010-3762-8674,S1,저소득계층,46876,서울시 가나구 다라동 5-2
임민수,F,20200330,2023SMUH02,A,981128,B,[유한][UH] 의료뷰티학과,1학년,LY,02,B0509A,20190719,,20190719,20200119,010-3814-6080,S3,통학거리,73446,서울시 가나구 다라동 105-21
임지영,M,20212879,2023SMUH02,I,980523,B,IT융합 자율학부,1학년,VY,02,B0804B,20191216,,20191216,20200616,010-4176-3066,S4,일반전형,41186,서울시 가나구 다라동 84-45
윤예슬,F,20211874,2023SMUH02,I,961224,B,미디어컨텐츠융합 자율학부,4학년,YY,02,B0708A,20230723,,20230723,20240123,010-3618-3460,S4,일반전형,61120,서울시 가나구 다라동 7-28
최수민,M,20213875,202301HD01,I,971108,B,[유한][UH] 컴퓨터소프트웨어공학과,2학년,YY,02,B0904B,20220705,,20220705,20230105,010-5643-3269,S1,저소득계층,85228,서울시 가나구 다라동 142-65
장예진,M,20223757,202301SC10,A,970307,B,IT융합 자율학부,3학년,HY,02,B0908B,20200814,,20200814,20210214,010-2322-3784,S4,일반전형,60453,서울시 가나구 다라동 16-87
이은지,M,20220774,2023SMSK02,A,970904,B,미디어컨텐츠융합 자율학부,3학년,HY,02,B0909B,20220126,,20220126,20220726,010-1071-4962,S2,장기입사 희망자,38702,서울시 가나구 다라동 122-43
이예진,F,20233722,202301SC10,I,980905,B,사회융합 자율학부,3학년,HY,02,B1009B,20201024,,20201024,20210424,010-8307-8450,S3,통학거리,10765,서울시 가나구 다라동 76-145
김지훈,F,20194807,2023SMSK02,A,970915,B,인뭉융합 자율학부,4학년,LY,02,B0207B,20200216,,20200216,20200816,010-1732-4488,S0,장애인,70539,서울시 가나구 다라동 127-65
윤예진,F,20197145,202301HD01,I,980708,B,미디어컨텐츠융합 자율학부,2학년,HY,02,B1007A,20191104,,20191104,20200504,010-7301-9808,S0,장애인,52848,서울시 가나구 다라동 16-109
강지영,M,20231094,2023SMUH02,A,980303,B,사회융합 자율학부,4학년,HY,02,B0906A,20190206,,20190206,20190806,010-3239-1967,S1,저소득계층,93052,서울시 가나구 다라동 139-37
장민수,F,20200277,202301HD01,I,970423,B,[유한][UH] 의료뷰티학과,4학년,YY,02,B0506B,20230420,,20230420,20231020,010-9390-1124,S1,저소득계층,30297,서울시 가나구 다라동 105-145
김민수,M,20198574,2023SMSK02,A,961019,B,미디어컨텐츠융합 자율학부,4학년,VY,02,B0607A,20191010,,20191010,20200410,010-1477-4062,S1,저소득계층,24237,서울시 가나구 다라동 99-105
조성우,M,20213481,2023SMSK02,A,960325,B,미디어컨텐츠융합 자율학부,3학년,VY,02,B0609A,20200111,,20200111,20200711,010-3913-7999,S0,장애인,18884,서울시 가나구 다라동 87-43
김지영,F,20195717,202301SC10,A,981212,B,미디어컨텐츠융합 자율학부,1학년,VY,02,B0208B,20190206,,20190206,20190806,010-8100-2092,S0,장애인,40627,서울시 가나구 다라동 40-145
이수민,M,20237916,202301SC10,I,980711,B,[유한][UH] 패션디자인학과,2학년,YY,02,B0609B,20220701,,20220701,20230101,010-1742-9750,S2,장기입사 희망자,12984,서울시 가나구 다라동 107-66
조현우,F,20218232,2023SMUH02,I,970713,B,인뭉융합 자율학부,4학년,LY,02,B0403B,20230711,,20230711,20240111,010-5569-9100,S3,통학거리,53888,서울시 가나구 다라동 67-130
김예슬,M,20227532,202301SC10,I,971216,B,[유한][UH] 의료뷰티학과,2학년,HY,02,B1009A,20200318,,20200318,20200918,010-5453-1368,S3,통학거리,71320,서울시 가나구 다라동 37-64
최민수,F,20235300,2023SMUH02,A,960211,B,사회융합 자율학부,3학년,LY,02,B0702A,20231008,,20231008,20240408,010-8308-5939,S4,일반전형,17321,서울시 가나구 다라동 57-3
조현우,F,20220205,2023SMSK02,I,960211,B,사회융합 자율학부,4학년,VY,02,B0102B,20230507,,20230507,20231107,010-5502-7896,S3,통학거리,74975,서울시 가나구 다라동 121-115
강현우,F,20204981,202301HD01,I,981201,B,[유한][UH] 의료뷰티학과,2학년,HY,02,B0307A,20220125,,20220125,20220725,010-8963-8043,S2,장기입사 희망자,68669,서울시 가나구 다라동 35-43
윤수민,F,20199030,2023SMSK02,A,960302,B,미디어컨텐츠융합 자율학부,4학년,VY,02,B1008A,20210227,,20210227,20210827,010-1041-3805,S3,통학거리,38574,서울시 가나구 다라동 119-36
김현우,F,20190643,2023SMSK02,A,990801,B,미디어컨텐츠융합 자율학부,3학년,VY,02,B0706B,20230218,,20230218,20230818,010-9341-2078,S1,저소득계층,59626,서울시 가나구 다라동 49-125
정지수,M,20209366,2023SMSK02,I,990914,B,IT융합 자율학부,4학년,LY,02,B0707B,20210504,,20210504,20211104,010-9077-6208,S3,통학거리,19681,서울시 가나구 다라동 150-32
강지수,M,20224516,202301HD01,I,970222,B,[유한][UH] 패션디자인학과,2학년,VY,02,B0806A,20200102,,20200102,20200702,010-7500-5302,S0,장애인,72637,서울시 가나구 다라동 129-96
박민수,F,20226829,202301SC10,A,970304,B,미디어컨텐츠융합 자율학부,1학년,LY,02,B0806A,20210708,,20210708,20220108,010-6667-4354,S4,일반전형,47604,서울시 가나구 다라동 75-107
박지영,M,20186380,202301HD01,I,980311,B,[유한][UH] 컴퓨터소프트웨어공학과,4학년,LY,02,B0101A,20191121,,20191121,20200521,010-4661-6545,S3,통학거리,30385,서울시 가나구 다라동 112-132
강예슬,F,20205390,2023SMSK02,A,971106,B,[유한][UH] 의료뷰티학과,3학년,HY,02,B0209A,20220117,,20220117,20220717,010-4276-9394,S1,저소득계층,77959,서울시 가나구 다라동 1-20
장예진,F,20184881,2023SMSK02,I,991109,B,[유한][UH] 의료뷰티학과,2학년,VY,02,B0803A,20201016,,20201016,20210416,010-2248-3968,S2,장기입사 희망자,10652,서울시 가나구 다라동 73-67
김지훈,M,20208158,2023SMSK02,I,960511,B,사회융합 자율학부,2학년,YY,02,B0308A,20190817,,20190817,20200217,010-8238-3785,S1,저소득계층,73488,서울시 가나구 다라동 5-21
임지영,F,20209679,202301HD01,A,970520,B,[유한][UH] 컴퓨터소프트웨어공학과,1학년,YY,02,B0109B,20190404,,20190404,20191004,010-9188-4423,S2,장기입사 희망자,57804,서울시 가나구 다라동 91-127
정예진,M,20221123,2023SMSK02,A,960711,B,[유한][UH] 패션디자인학과,1학년,YY,02,B0603B,20231006,,20231006,20240406,010-9695-5653,S2,장기입사 희망자,39427,서울시 가나구 다라동 60-5
이예진,F,20191332,2023SMUH02,I,971015,B,IT융합 자율학부,4학년,VY,02,B0209B,20210913,,20210913,20220313,010-5833-3051,S0,장애인,30998,서울시 가나구 다라동 148-47
정성우,M,20230602,2023SMUH02,I,961023,B,인뭉융합 자율학부,2학년,VY,02,B0909A,20230708,,20230708,20240108,010-7040-5518,S0,장애인,22099,서울시 가나구 다라동 65-81
강민수,M,20209135,2023SMSK02,A,991119,B,[유한][UH] 패션디자인학과,4학년,HY,02,B0905B,20200614,,20200614,20201214,010-6373-3819,S0,장애인,59057,서울시 가나구 다라동 131-17
이예슬,M,20225927,2023SMUH02,A,960228,B,사회융합 자율학부,1학년,YY,02,B0506B,20220324,,20220324,20220924,010-1019-2070,S2,장기입사 희망자,18988,서울시 가나구 다라동 36-48
조예슬,M,20223245,2023SMUH02,I,971025,B,사회융합 자율학부,2학년,VY,02,B0907B,20201210,,20201210,20210610,010-2647-2230,S2,장기입사 희망자,42630,서울시 가나구 다라동 29-127
최지수,M,20187516,2023SMSK02,A,990401,B,[유한][UH] 컴퓨터소프트웨어공학과,4학년,LY,02,B0206B,20190324,,20190324,20190924,010-3454-8399,S0,장애인,91117,서울시 가나구 다라동 93-103
박은지,F,20213752,202301SC10,I,990109,B,[유한][UH] 컴퓨터소프트웨어공학과,3학년,HY,02,B0702A,20230513,,20230513,20231113,010-1875-9337,S2,장기입사 희망자,93356,서울시 가나구 다라동 5-76
장은지,M,20211190,2023SMSK02,A,980601,B,사회융합 자율학부,3학년,VY,02,B0503A,20200413,,20200413,20201013,010-5682-4259,S2,장기입사 희망자,57226,서울시 가나구 다라동 100-44
박예슬,F,20190549,2023SMSK02,A,990707,B,IT융합 자율학부,4학년,VY,02,B0305A,20230102,,20230102,20230702,010-9342-8482,S2,장기입사 희망자,24282,서울시 가나구 다라동 58-134
정은지,M,20187423,2023SMSK02,A,960512,B,IT융합 자율학부,2학년,YY,02,B0202B,20230309,,20230309,20230909,010-3451-2137,S1,저소득계층,78439,서울시 가나구 다라동 100-7
박예진,M,20189638,2023SMUH02,I,960208,B,[유한][UH] 패션디자인학과,2학년,YY,02,B0702A,20231119,,20231119,20240519,010-2111-3807,S0,장애인,83692,서울시 가나구 다라동 70-29
정지수,M,20235406,2023SMUH02,I,980104,B,[유한][UH] 의료뷰티학과,2학년,HY,02,B0109A,20230826,,20230826,20240226,010-2460-5032,S0,장애인,64679,서울시 가나구 다라동 62-53
정예슬,F,20201277,202301SC10,A,990215,B,[유한][UH] 패션디자인학과,2학년,VY,02,B0203B,20230820,,20230820,20240220,010-7838-9036,S1,저소득계층,14828,서울시 가나구 다라동 86-49
이예슬,M,20227907,202301SC10,I,960303,B,[유한][UH] 컴퓨터소프트웨어공학과,3학년,HY,02,B0105B,20190624,,20190624,20191224,010-2201-5061,S1,저소득계층,43315,서울시 가나구 다라동 142-70
정지영,M,20223311,2023SMUH02,A,960719,B,[유한][UH] 의료뷰티학과,2학년,VY,02,B0508A,20230701,,20230701,20240101,010-3200-1692,S1,저소득계층,11022,서울시 가나구 다라동 137-10
장은지,F,20228676,202301SC10,I,990626,B,[유한][UH] 컴퓨터소프트웨어공학과,4학년,HY,02,B1003B,20210823,,20210823,20220223,010-4940-8605,S1,저소득계층,50338,서울시 가나구 다라동 99-138
정민수,F,20207230,202301SC10,I,961016,B,미디어컨텐츠융합 자율학부,3학년,VY,02,B0707A,20190718,,20190718,20200118,010-7484-1922,S3,통학거리,96948,서울시 가나구 다라동 140-30
정예슬,M,20190670,2023SMSK02,A,980912,B,IT융합 자율학부,2학년,LY,02,B0307B,20220125,,20220125,20220725,010-3896-3190,S2,장기입사 희망자,13800,서울시 가나구 다라동 39-125
박지수,M,20182429,202301SC10,I,980601,B,[유한][UH] 패션디자인학과,1학년,HY,02,B0809B,20220118,,20220118,20220718,010-7804-4731,S1,저소득계층,69696,서울시 가나구 다라동 86-120
정성우,F,20189738,202301SC10,I,970323,B,[유한][UH] 의료뷰티학과,2학년,YY,02,B0702A,20220522,,20220522,20221122,010-3586-3861,S0,장애인,81977,서울시 가나구 다라동 148-138
조성우,M,20236292,2023SMUH02,I,990816,B,[유한][UH] 컴퓨터소프트웨어공학과,4학년,HY,02,B0509B,20210807,,20210807,20220207,010-9423-5682,S0,장애인,26871,서울시 가나구 다라동 67-132
정은지,M,20235223,202301SC10,I,961216,B,[유한][UH] 의료뷰티학과,3학년,VY,02,B0408B,20210506,,20210506,20211106,010-3631-6318,S3,통학거리,22618,서울시 가나구 다라동 67-53
김예슬,F,20228452,202301HD01,A,980514,B,[유한][UH] 의료뷰티학과,3학년,LY,02,B0303B,20190107,,20190107,20190707,010-5571-2995,S2,장기입사 희망자,55357,서울시 가나구 다라동 86-107
박은지,F,20220456,2023SMSK02,I,960723,B,[유한][UH] 패션디자인학과,3학년,YY,02,B0202A,20230708,,20230708,20240108,010-8875-5736,S3,통학거리,43161,서울시 가나구 다라동 54-124
윤예슬,M,20207440,2023SMUH02,A,961020,B,[유한][UH] 컴퓨터소프트웨어공학과,3학년,HY,02,B0606A,20210504,,20210504,20211104,010-6652-7525,S0,장애인,18681,서울시 가나구 다라동 102-46
최은지,F,20211310,2023SMSK02,I,980428,B,미디어컨텐츠융합 자율학부,2학년,HY,02,B0703A,20230518,,20230518,20231118,010-8067-9868,S3,통학거리,47097,서울시 가나구 다라동 122-133
김예슬,F,20188693,2023SMUH02,I,970401,B,[유한][UH] 컴퓨터소프트웨어공학과,1학년,LY,02,B0904A,20230903,,20230903,20240303,010-5070-6366,S3,통학거리,42578,서울시 가나구 다라동 124-19
임수민,F,20201045,2023SMUH02,I,980719,B,미디어컨텐츠융합 자율학부,3학년,YY,02,B0604B,20220602,,20220602,20221202,010-7192-4532,S4,일반전형,51026,서울시 가나구 다라동 150-127
박지수,M,20222390,202301SC10,A,980109,B,[유한][UH] 컴퓨터소프트웨어공학과,2학년,VY,02,B0805B,20221003,,20221003,20230403,010-7328-2315,S0,장애인,29939,서울시 가나구 다라동 35-71
장현우,M,20181383,202301SC10,I,990917,B,사회융합 자율학부,2학년,LY,02,B0602A,20210427,,20210427,20211027,010-4742-8878,S2,장기입사 희망자,77822,서울시 가나구 다라동 132-28
정지영,F,20229572,202301HD01,I,970306,B,[유한][UH] 의료뷰티학과,2학년,HY,02,B0202A,20230413,,20230413,20231013,010-7434-8985,S3,통학거리,65920,서울시 가나구 다라동 111-21
이지수,F,20239399,2023SMSK02,A,961117,B,미디어컨텐츠융합 자율학부,4학년,HY,02,B0101A,20210907,,20210907,20220307,010-4424-2056,S4,일반전형,98496,서울시 가나구 다라동 82-130
김지수,M,20223626,202301HD01,I,970809,B,미디어컨텐츠융합 자율학부,1학년,HY,02,B0606A,20230312,,20230312,20230912,010-9352-9911,S3,통학거리,75533,서울시 가나구 다라동 147-48
김성우,F,20229158,2023SMSK02,A,980222,B,인뭉융합 자율학부,2학년,HY,02,B0605A,20221211,,20221211,20230611,010-1207-1267,S1,저소득계층,74282,서울시 가나구 다라동 87-148
최지훈,M,20202341,2023SMUH02,A,960717,B,[유한][UH] 컴퓨터소프트웨어공학과,4학년,YY,02,B1008B,20191124,,20191124,20200524,010-4881-7140,S4,일반전형,83134,서울시 가나구 다라동 14-128
박지훈,F,20239585,2023SMSK02,A,971108,B,인뭉융합 자율학부,1학년,YY,02,B0807A,20230707,,20230707,20240107,010-2656-1482,S3,통학거리,95919,서울시 가나구 다라동 97-32
조현우,M,20212498,2023SMSK02,A,981028,B,[유한][UH] 패션디자인학과,1학년,YY,02,B0503A,20220901,,20220901,20230301,010-5472-8515,S4,일반전형,93055,서울시 가나구 다라동 3-139
이지수,F,20218411,202301SC10,A,970202,B,인뭉융합 자율학부,2학년,VY,02,B0809B,20191010,,20191010,20200410,010-1763-7528,S3,통학거리,29862,서울시 가나구 다라동 128-25
정지훈,F,20198435,2023SMUH02,A,990423,B,[유한][UH] 패션디자인학과,3학년,VY,02,B0604A,20190104,,20190104,20190704,010-9898-9989,S4,일반전형,84563,서울시 가나구 다라동 144-29
강성우,M,20204395,2023SMSK02,A,980511,B,[유한][UH] 의료뷰티학과,3학년,YY,02,B1003B,20220401,,20220401,20221001,010-1004-9678,S2,장기입사 희망자,81858,서울시 가나구 다라동 144-101
조수민,M,20207947,202301SC10,A,980909,B,[유한][UH] 패션디자인학과,1학년,VY,02,B1004B,20191015,,20191015,20200415,010-5673-3327,S2,장기입사 희망자,53587,서울시 가나구 다라동 100-69
조민수,F,20194729,2023SMUH02,A,971212,B,IT융합 자율학부,4학년,VY,02,B0506A,20230826,,20230826,20240226,010-7929-3645,S4,일반전형,11590,서울시 가나구 다라동 91-70
최수민,M,20226660,2023SMSK02,I,980911,B,사회융합 자율학부,3학년,YY,02,B0905A,20220714,,20220714,20230114,010-7511-1228,S1,저소득계층,61718,서울시 가나구 다라동 56-129
임성우,F,20185934,2023SMUH02,I,961105,B,[유한][UH] 컴퓨터소프트웨어공학과,1학년,VY,02,B0108B,20190611,,20190611,20191211,010-8482-9690,S3,통학거리,79709,서울시 가나구 다라동 81-113
최성우,M,20214153,202301HD01,A,991206,B,미디어컨텐츠융합 자율학부,3학년,VY,02,B0108A,20231107,,20231107,20240507,010-6437-9043,S1,저소득계층,50683,서울시 가나구 다라동 33-128
장예진,F,20232109,202301SC10,I,961016,B,[유한][UH] 컴퓨터소프트웨어공학과,1학년,VY,02,B0401B,20210808,,20210808,20220208,010-6854-8436,S2,장기입사 희망자,45699,서울시 가나구 다라동 59-122
김예슬,F,20201191,2023SMSK02,A,960118,B,[유한][UH] 패션디자인학과,4학년,LY,02,B0303A,20200924,,20200924,20210324,010-8766-1039,S2,장기입사 희망자,80757,서울시 가나구 다라동 42-80
강예진,M,20196127,202301SC10,A,981101,B,인뭉융합 자율학부,2학년,YY,02,B0304A,20190422,,20190422,20191022,010-4611-4508,S3,통학거리,40707,서울시 가나구 다라동 128-73
이은지,F,20197013,2023SMSK02,I,990106,B,[유한][UH] 패션디자인학과,2학년,HY,02,B0402A,20220311,,20220311,20220911,010-9379-2754,S0,장애인,66019,서울시 가나구 다라동 140-31
김지영,F,20203618,2023SMUH02,I,970126,B,미디어컨텐츠융합 자율학부,3학년,HY,02,B0806A,20190818,,20190818,20200218,010-1551-8892,S0,장애인,85839,서울시 가나구 다라동 81-140
정지훈,F,20199770,202301SC10,A,990414,B,사회융합 자율학부,1학년,YY,02,B0704A,20210820,,20210820,20220220,010-1345-9861,S1,저소득계층,48192,서울시 가나구 다라동 37-125
조은지,M,20208424,2023SMSK02,A,970308,B,[유한][UH] 의료뷰티학과,2학년,VY,02,B0103B,20201221,,20201221,20210621,010-2057-3188,S3,통학거리,53157,서울시 가나구 다라동 147-126
강은지,M,20201110,2023SMUH02,A,990517,B,[유한][UH] 의료뷰티학과,3학년,LY,02,B1003A,20231121,,20231121,20240521,010-5432-8434,S3,통학거리,84038,서울시 가나구 다라동 93-95
임은지,F,20227965,2023SMUH02,A,980615,B,인뭉융합 자율학부,1학년,VY,02,B0901A,20210118,,20210118,20210718,010-7719-5546,S1,저소득계층,30811,서울시 가나구 다라동 44-24
강예슬,M,20218038,202301HD01,I,980525,B,사회융합 자율학부,1학년,HY,02,B0701A,20200818,,20200818,20210218,010-1037-8066,S0,장애인,34589,서울시 가나구 다라동 145-21
최은지,M,20187814,2023SMUH02,I,961128,B,[유한][UH] 컴퓨터소프트웨어공학과,3학년,YY,02,B0409A,20230113,,20230113,20230713,010-1048-8298,S4,일반전형,46907,서울시 가나구 다라동 106-104
강예슬,F,20216213,2023SMSK02,A,990416,B,미디어컨텐츠융합 자율학부,1학년,HY,02,B0509B,20191212,,20191212,20200612,010-3360-9624,S4,일반전형,11787,서울시 가나구 다라동 38-92
윤예슬,M,20202683,202301HD01,I,960115,B,[유한][UH] 의료뷰티학과,2학년,YY,02,B0404B,20220918,,20220918,20230318,010-4426-5440,S2,장기입사 희망자,72868,서울시 가나구 다라동 19-145
조현우,F,20191580,2023SMUH02,A,991023,B,[유한][UH] 의료뷰티학과,2학년,VY,02,B0902B,20230824,,20230824,20240224,010-4131-9065,S4,일반전형,89336,서울시 가나구 다라동 114-69
조지수,M,20207594,2023SMSK02,A,961004,B,[유한][UH] 패션디자인학과,1학년,YY,02,B0507B,20200227,,20200227,20200827,010-9478-7715,S3,통학거리,10918,서울시 가나구 다라동 129-54
조예진,F,20204634,202301SC10,I,980718,B,[유한][UH] 컴퓨터소프트웨어공학과,1학년,LY,02,B0507A,20230202,,20230202,20230802,010-3917-5390,S2,장기입사 희망자,31284,서울시 가나구 다라동 83-55
윤예진,M,20223895,202301HD01,A,991107,B,사회융합 자율학부,4학년,LY,02,B0909B,20210121,,20210121,20210721,010-8033-8092,S1,저소득계층,63911,서울시 가나구 다라동 84-43
조예진,F,20214732,202301HD01,I,990226,B,미디어컨텐츠융합 자율학부,1학년,LY,02,B0305A,20210802,,20210802,20220202,010-6918-8021,S1,저소득계층,91767,서울시 가나구 다라동 70-25
박예진,F,20214042,202301SC10,I,960118,B,사회융합 자율학부,3학년,HY,02,B0808A,20191109,,20191109,20200509,010-1322-5046,S3,통학거리,44158,서울시 가나구 다라동 52-109
최지영,M,20225928,202301HD01,A,961205,B,[유한][UH] 의료뷰티학과,4학년,LY,02,B0309B,20200514,,20200514,20201114,010-5830-3451,S0,장애인,89067,서울시 가나구 다라동 8-18
강현우,M,20192599,2023SMUH02,A,990315,B,인뭉융합 자율학부,2학년,VY,02,B0906B,20220910,,20220910,20230310,010-5919-8022,S3,통학거리,61425,서울시 가나구 다라동 42-117
이민수,F,20203034,2023SMUH02,A,970424,B,IT융합 자율학부,3학년,HY,02,B0902B,20190505,,20190505,20191105,010-5654-4544,S2,장기입사 희망자,35455,서울시 가나구 다라동 132-78
김민수,M,20200610,2023SMUH02,A,961103,B,인뭉융합 자율학부,4학년,YY,02,B0507A,20191114,,20191114,20200514,010-5841-1823,S1,저소득계층,17367,서울시 가나구 다라동 78-138
정지영,F,20184152,202301SC10,A,960626,B,[유한][UH] 패션디자인학과,4학년,YY,02,B0309B,20221107,,20221107,20230507,010-9606-1727,S2,장기입사 희망자,70988,서울시 가나구 다라동 81-146
강현우,M,20211397,202301SC10,A,970325,B,[유한][UH] 컴퓨터소프트웨어공학과,4학년,LY,02,B0507B,20230112,,20230112,20230712,010-4958-9826,S0,장애인,79800,서울시 가나구 다라동 59-30
장은지,M,20209425,2023SMUH02,I,990512,B,[유한][UH] 패션디자인학과,4학년,LY,02,B0703B,20220706,,20220706,20230106,010-7375-7456,S3,통학거리,39707,서울시 가나구 다라동 40-146
최예진,M,20204027,202301SC10,A,970908,B,사회융합 자율학부,2학년,YY,02,B0205A,20200517,,20200517,20201117,010-4385-7592,S4,일반전형,61738,서울시 가나구 다라동 32-10
최지수,F,20214639,2023SMSK02,A,961010,B,[유한][UH] 패션디자인학과,3학년,HY,02,B0308A,20220912,,20220912,20230312,010-2127-9936,S4,일반전형,19935,서울시 가나구 다라동 77-10
박민수,M,20211685,202301HD01,I,970322,B,[유한][UH] 패션디자인학과,1학년,YY,02,B0409B,20230813,,20230813,20240213,010-1566-9249,S4,일반전형,25297,서울시 가나구 다라동 56-146
정현우,F,20181835,202301HD01,A,970702,B,미디어컨텐츠융합 자율학부,1학년,VY,02,B0202B,20231021,,20231021,20240421,010-4822-5382,S0,장애인,56919,서울시 가나구 다라동 120-118
조현우,M,20235745,2023SMSK02,A,980916,B,인뭉융합 자율학부,1학년,YY,02,B0901B,20220414,,20220414,20221014,010-1937-5212,S2,장기입사 희망자,13661,서울시 가나구 다라동 23-114
임은지,M,20219284,202301HD01,I,970323,B,[유한][UH] 컴퓨터소프트웨어공학과,2학년,YY,02,B0506B,20200314,,20200314,20200914,010-4606-1456,S0,장애인,49817,서울시 가나구 다라동 80-38
이현우,F,20238640,202301SC10,I,991011,B,[유한][UH] 의료뷰티학과,2학년,YY,02,B0202A,20210702,,20210702,20220102,010-7387-8155,S0,장애인,81709,서울시 가나구 다라동 83-150
정지영,M,20222189,2023SMUH02,A,990909,B,미디어컨텐츠융합 자율학부,3학년,HY,02,B0405B,20221221,,20221221,20230621,010-3240-4225,S3,통학거리,12637,서울시 가나구 다라동 137-33
조예슬,F,20227158,202301SC10,I,980822,B,IT융합 자율학부,1학년,YY,02,B0202B,20230816,,20230816,20240216,010-1588-5287,S0,장애인,12799,서울시 가나구 다라동 109-11
박민수,M,20196387,2023SMSK02,A,960127,B,미디어컨텐츠융합 자율학부,1학년,VY,02,B0306B,20230709,,20230709,20240109,010-3462-2438,S3,통학거리,73376,서울시 가나구 다라동 61-83
김민수,F,20180332,202301HD01,A,980526,B,사회융합 자율학부,3학년,VY,02,B1008B,20230905,,20230905,20240305,010-5307-9795,S2,장기입사 희망자,66735,서울시 가나구 다라동 144-107
정은지,F,20213142,2023SMSK02,I,970813,B,IT융합 자율학부,3학년,YY,02,B0808A,20190824,,20190824,20200224,010-9412-2860,S2,장기입사 희망자,58441,서울시 가나구 다라동 48-83
이은지,M,20181104,202301HD01,I,970912,B,인뭉융합 자율학부,3학년,LY,02,B0801B,20221021,,20221021,20230421,010-4871-3002,S1,저소득계층,97753,서울시 가나구 다라동 67-103
강은지,M,20231044,202301SC10,I,970420,B,미디어컨텐츠융합 자율학부,2학년,LY,02,B0605B,20190415,,20190415,20191015,010-6625-6075,S0,장애인,61151,서울시 가나구 다라동 92-35
조은지,M,20193257,2023SMUH02,A,960813,B,IT융합 자율학부,3학년,HY,02,B0404B,20220205,,20220205,20220805,010-6466-5055,S2,장기입사 희망자,45594,서울시 가나구 다라동 78-7
장지훈,M,20192747,2023SMSK02,A,960610,B,[유한][UH] 패션디자인학과,2학년,YY,02,B0807A,20231218,,20231218,20240618,010-1808-1567,S4,일반전형,91327,서울시 가나구 다라동 99-62
이예슬,M,20201829,2023SMUH02,A,961214,B,미디어컨텐츠융합 자율학부,3학년,VY,02,B0303B,20220519,,20220519,20221119,010-2867-8684,S2,장기입사 희망자,41352,서울시 가나구 다라동 37-131
최민수,M,20234513,202301HD01,I,961216,B,[유한][UH] 패션디자인학과,1학년,VY,02,B0109B,20191007,,20191007,20200407,010-6962-6586,S1,저소득계층,43031,서울시 가나구 다라동 138-126
강민수,F,20197838,2023SMUH02,I,990814,B,사회융합 자율학부,3학년,LY,02,B0206B,20230722,,20230722,20240122,010-3196-2079,S1,저소득계층,35682,서울시 가나구 다라동 58-147
최예슬,F,20192873,2023SMUH02,I,970208,B,미디어컨텐츠융합 자율학부,3학년,LY,02,B0107A,20231119,,20231119,20240519,010-1866-3437,S2,장기입사 희망자,71590,서울시 가나구 다라동 80-3
임현우,F,20232684,2023SMUH02,A,970826,B,[유한][UH] 의료뷰티학과,1학년,YY,02,B0201A,20220727,,20220727,20230127,010-4771-6655,S1,저소득계층,63310,서울시 가나구 다라동 70-17
최은지,F,20213217,2023SMUH02,I,991016,B,사회융합 자율학부,2학년,HY,02,B1001B,20191012,,20191012,20200412,010-3442-8651,S2,장기입사 희망자,87260,서울시 가나구 다라동 127-86
최예진,F,20200434,202301HD01,I,970514,B,인뭉융합 자율학부,4학년,HY,02,B0807A,20230623,,20230623,20231223,010-4740-4928,S0,장애인,82023,서울시 가나구 다라동 88-51
윤지영,M,20218925,202301HD01,I,991203,B,IT융합 자율학부,4학년,HY,02,B0708A,20230206,,20230206,20230806,010-2415-7245,S3,통학거리,67316,서울시 가나구 다라동 28-60
임예진,M,20198343,202301HD01,I,991212,B,미디어컨텐츠융합 자율학부,3학년,HY,02,B0803A,20191110,,20191110,20200510,010-4551-2241,S3,통학거리,76387,서울시 가나구 다라동 38-138
강지훈,F,20209821,202301HD01,I,960708,B,[유한][UH] 패션디자인학과,4학년,HY,02,B0409A,20220113,,20220113,20220713,010-5263-7779,S3,통학거리,10464,서울시 가나구 다라동 44-128
김은지,F,20196306,202301HD01,I,980111,B,미디어컨텐츠융합 자율학부,2학년,HY,02,B0301A,20210412,,20210412,20211012,010-9651-4970,S1,저소득계층,56082,서울시 가나구 다라동 108-20
정지영,M,20232118,202301HD01,A,990923,B,[유한][UH] 의료뷰티학과,2학년,VY,02,B0208B,20231128,,20231128,20240528,010-9654-6194,S3,통학거리,60449,서울시 가나구 다라동 147-123
윤예진,M,20200527,2023SMSK02,I,980109,B,[유한][UH] 의료뷰티학과,1학년,VY,02,B0709B,20220601,,20220601,20221201,010-5930-8299,S3,통학거리,68180,서울시 가나구 다라동 132-137
김민수,M,20202756,2023SMSK02,A,980102,B,미디어컨텐츠융합 자율학부,4학년,VY,02,B0106B,20221207,,20221207,20230607,010-6086-5851,S4,일반전형,75576,서울시 가나구 다라동 28-25
김지영,F,20214495,2023SMUH02,A,990104,B,IT융합 자율학부,1학년,VY,02,B0705A,20220126,,20220126,20220726,010-6874-8287,S4,일반전형,42286,서울시 가나구 다라동 23-55
박수민,F,20229398,202301SC10,I,980125,B,[유한][UH] 컴퓨터소프트웨어공학과,3학년,VY,02,B0808B,20211202,,20211202,20220602,010-4932-3063,S4,일반전형,88827,서울시 가나구 다라동 118-50
이수민,M,20208201,202301SC10,I,960909,B,[유한][UH] 컴퓨터소프트웨어공학과,4학년,HY,02,B0202B,20221028,,20221028,20230428,010-5617-2838,S0,장애인,35401,서울시 가나구 다라동 75-48
임지영,M,20197607,2023SMSK02,I,971208,B,[유한][UH] 의료뷰티학과,1학년,LY,02,B0902B,20200506,,20200506,20201106,010-8028-3206,S0,장애인,88366,서울시 가나구 다라동 62-149
임민수,M,20235108,202301HD01,I,970111,B,IT융합 자율학부,2학년,LY,02,B0407A,20201014,,20201014,20210414,010-5639-5514,S3,통학거리,14901,서울시 가나구 다라동 115-112
윤수민,M,20188413,202301HD01,I,990214,B,사회융합 자율학부,3학년,HY,02,B1004B,20190627,,20190627,20191227,010-3820-2006,S2,장기입사 희망자,34623,서울시 가나구 다라동 30-100
이성우,F,20182773,202301SC10,A,970627,B,사회융합 자율학부,1학년,YY,02,B0403B,20210720,,20210720,20220120,010-8848-4234,S0,장애인,13278,서울시 가나구 다라동 129-115
장성우,F,20223042,2023SMSK02,I,980716,B,사회융합 자율학부,4학년,HY,02,B0206A,20220218,,20220218,20220818,010-1520-6705,S3,통학거리,14902,서울시 가나구 다라동 130-86
정지영,M,20187126,2023SMSK02,A,980412,B,[유한][UH] 의료뷰티학과,1학년,YY,02,B0306A,20230509,,20230509,20231109,010-6934-5003,S1,저소득계층,99956,서울시 가나구 다라동 34-18
임성우,M,20195421,2023SMSK02,A,960213,B,[유한][UH] 의료뷰티학과,1학년,HY,02,B0902A,20190408,,20190408,20191008,010-8142-9762,S4,일반전형,66145,서울시 가나구 다라동 71-103
강지훈,M,20237946,202301SC10,I,961110,B,미디어컨텐츠융합 자율학부,1학년,YY,02,B0901A,20220414,,20220414,20221014,010-9251-5348,S2,장기입사 희망자,76724,서울시 가나구 다라동 37-18
김예슬,F,20185171,202301SC10,I,970820,B,IT융합 자율학부,1학년,LY,02,B0401A,20200709,,20200709,20210109,010-6682-8095,S0,장애인,51680,서울시 가나구 다라동 22-101
강수민,F,20223357,2023SMUH02,A,960128,B,[유한][UH] 의료뷰티학과,2학년,YY,02,B0604A,20230107,,20230107,20230707,010-5158-2323,S2,장기입사 희망자,37486,서울시 가나구 다라동 47-18
최수민,F,20216495,202301SC10,A,990118,B,[유한][UH] 패션디자인학과,1학년,YY,02,B0409B,20230317,,20230317,20230917,010-8998-2265,S4,일반전형,15297,서울시 가나구 다라동 38-26
조은지,M,20187887,202301SC10,I,970504,B,IT융합 자율학부,2학년,LY,02,B0201B,20190811,,20190811,20200211,010-6120-9152,S3,통학거리,87079,서울시 가나구 다라동 23-129
장수민,M,20193581,202301SC10,I,991208,B,미디어컨텐츠융합 자율학부,2학년,HY,02,B0707B,20210809,,20210809,20220209,010-1374-8086,S4,일반전형,33850,서울시 가나구 다라동 122-8
최예진,M,20218384,202301HD01,A,990825,B,[유한][UH] 컴퓨터소프트웨어공학과,2학년,VY,02,B1006A,20200417,,20200417,20201017,010-7640-8541,S4,일반전형,57288,서울시 가나구 다라동 99-113
최현우,F,20192017,2023SMUH02,A,960318,B,[유한][UH] 컴퓨터소프트웨어공학과,4학년,YY,02,B0707B,20211014,,20211014,20220414,010-3860-6036,S0,장애인,37344,서울시 가나구 다라동 59-59
김민수,M,20228451,2023SMSK02,A,960210,B,미디어컨텐츠융합 자율학부,1학년,LY,02,B0604B,20230609,,20230609,20231209,010-3039-9071,S3,통학거리,89981,서울시 가나구 다라동 7-113
김은지,F,20218383,2023SMUH02,A,970427,B,IT융합 자율학부,4학년,HY,02,B0205A,20190111,,20190111,20190711,010-3218-4962,S2,장기입사 희망자,67016,서울시 가나구 다라동 11-16
박지훈,M,20184982,2023SMSK02,I,961225,B,사회융합 자율학부,3학년,HY,02,B0507B,20210723,,20210723,20220123,010-8805-5094,S3,통학거리,74922,서울시 가나구 다라동 42-140
윤현우,M,20232753,2023SMSK02,A,960621,B,인뭉융합 자율학부,3학년,YY,02,B0505A,20200327,,20200327,20200927,010-7394-6111,S4,일반전형,19041,서울시 가나구 다라동 67-108
윤지훈,M,20237846,2023SMSK02,A,970106,B,[유한][UH] 의료뷰티학과,3학년,VY,02,B0808B,20210702,,20210702,20220102,010-9373-8190,S3,통학거리,76837,서울시 가나구 다라동 98-97
조현우,F,20191952,2023SMUH02,I,970524,B,인뭉융합 자율학부,2학년,VY,02,B1006A,20230811,,20230811,20240211,010-2580-5509,S0,장애인,97311,서울시 가나구 다라동 8-142
최지영,M,20226902,202301SC10,A,981003,B,미디어컨텐츠융합 자율학부,1학년,YY,02,B0205B,20210521,,20210521,20211121,010-3485-6001,S0,장애인,87428,서울시 가나구 다라동 70-84
최현우,F,20226705,2023SMSK02,I,981122,B,미디어컨텐츠융합 자율학부,3학년,VY,02,B0908B,20231128,,20231128,20240528,010-7352-7829,S2,장기입사 희망자,98632,서울시 가나구 다라동 107-17
박성우,F,20227868,2023SMSK02,I,961004,B,[유한][UH] 의료뷰티학과,1학년,HY,02,B1006A,20220604,,20220604,20221204,010-3755-6980,S2,장기입사 희망자,64182,서울시 가나구 다라동 126-114
정현우,M,20188129,2023SMSK02,I,960405,B,사회융합 자율학부,4학년,LY,02,B0807A,20210412,,20210412,20211012,010-6165-2382,S0,장애인,63570,서울시 가나구 다라동 51-82
강은지,M,20213001,2023SMSK02,I,981114,B,[유한][UH] 컴퓨터소프트웨어공학과,3학년,YY,02,B1007B,20210726,,20210726,20220126,010-3788-7735,S1,저소득계층,25235,서울시 가나구 다라동 61-51
이수민,M,20213396,202301SC10,I,970621,B,[유한][UH] 의료뷰티학과,2학년,LY,02,B0503B,20210723,,20210723,20220123,010-4045-8140,S4,일반전형,26861,서울시 가나구 다라동 82-15
박예진,M,20180451,2023SMUH02,A,991202,B,사회융합 자율학부,3학년,YY,02,B0108B,20230817,,20230817,20240217,010-1267-4271,S3,통학거리,29750,서울시 가나구 다라동 90-124
이현우,F,20221478,2023SMUH02,A,980707,B,[유한][UH] 컴퓨터소프트웨어공학과,1학년,YY,02,B0802B,20230913,,20230913,20240313,010-9595-8551,S3,통학거리,88944,서울시 가나구 다라동 145-69
임지수,M,20225074,2023SMSK02,I,961116,B,인뭉융합 자율학부,1학년,HY,02,B0806B,20211217,,20211217,20220617,010-5078-8134,S1,저소득계층,43023,서울시 가나구 다라동 66-110
최민수,F,20191299,2023SMUH02,I,960706,B,인뭉융합 자율학부,2학년,VY,02,B0902A,20200501,,20200501,20201101,010-8296-9605,S0,장애인,65367,서울시 가나구 다라동 30-148
정지수,F,20193772,2023SMSK02,I,970826,B,[유한][UH] 컴퓨터소프트웨어공학과,3학년,YY,02,B0103B,20190809,,20190809,20200209,010-4828-3431,S3,통학거리,54332,서울시 가나구 다라동 141-4
정현우,F,20197167,2023SMUH02,A,990425,B,인뭉융합 자율학부,2학년,YY,02,B1008A,20210520,,20210520,20211120,010-9627-8372,S3,통학거리,33440,서울시 가나구 다라동 50-53
김예진,F,20205053,2023SMUH02,I,981001,B,[유한][UH] 의료뷰티학과,3학년,YY,02,B0204A,20191008,,20191008,20200408,010-2925-7948,S4,일반전형,34355,서울시 가나구 다라동 102-118
조지영,M,20219818,202301SC10,I,980825,B,IT융합 자율학부,2학년,VY,02,B0304B,20211117,,20211117,20220517,010-2213-4734,S1,저소득계층,82695,서울시 가나구 다라동 118-121
최현우,F,20185137,2023SMUH02,I,960422,B,사회융합 자율학부,1학년,VY,02,B0606A,20230821,,20230821,20240221,010-4162-6812,S0,장애인,19804,서울시 가나구 다라동 56-31
조지수,M,20213290,202301SC10,I,970706,B,[유한][UH] 의료뷰티학과,4학년,VY,02,B0105A,20200114,,20200114,20200714,010-2657-9038,S3,통학거리,41598,서울시 가나구 다라동 30-118
윤지수,F,20229605,202301HD01,A,970113,B,인뭉융합 자율학부,2학년,HY,02,B0702A,20220626,,20220626,20221226,010-6953-4703,S4,일반전형,60790,서울시 가나구 다라동 117-28
김지훈,M,20200144,202301SC10,A,960718,B,인뭉융합 자율학부,1학년,YY,02,B0102B,20201028,,20201028,20210428,010-1299-3524,S3,통학거리,40668,서울시 가나구 다라동 54-130
조지훈,M,20211294,2023SMUH02,A,991112,B,[유한][UH] 컴퓨터소프트웨어공학과,1학년,HY,02,B0301A,20201128,,20201128,20210528,010-8428-1304,S3,통학거리,62084,서울시 가나구 다라동 81-4
이수민,F,20216622,2023SMUH02,A,980910,B,인뭉융합 자율학부,2학년,VY,02,B0208B,20231203,,20231203,20240603,010-3601-2976,S4,일반전형,14228,서울시 가나구 다라동 72-83
조지수,M,20232093,202301SC10,A,980520,B,[유한][UH] 의료뷰티학과,3학년,VY,02,B0703B,20230507,,20230507,20231107,010-2599-3555,S0,장애인,13877,서울시 가나구 다라동 45-79
김지훈,F,20198070,2023SMSK02,I,970801,B,사회융합 자율학부,1학년,HY,02,B0708B,20190308,,20190308,20190908,010-6879-3524,S1,저소득계층,93143,서울시 가나구 다라동 86-23
윤성우,M,20234625,202301HD01,A,970427,B,사회융합 자율학부,3학년,VY,02,B0104B,20190913,,20190913,20200313,010-4383-1759,S2,장기입사 희망자,58404,서울시 가나구 다라동 90-132
박지수,M,20210292,2023SMSK02,A,971228,B,사회융합 자율학부,3학년,HY,02,B0809B,20210228,,20210228,20210828,010-6066-8725,S0,장애인,20390,서울시 가나구 다라동 108-88
최예슬,M,20223157,2023SMSK02,I,970701,B,사회융합 자율학부,4학년,HY,02,B0504B,20210527,,20210527,20211127,010-5692-4241,S1,저소득계층,59434,서울시 가나구 다라동 56-4
김현우,F,20221245,2023SMSK02,A,960323,B,IT융합 자율학부,2학년,HY,02,B0608A,20210708,,20210708,20220108,010-8823-9203,S4,일반전형,38139,서울시 가나구 다라동 87-64
김지영,M,20199655,202301SC10,A,980714,B,[유한][UH] 패션디자인학과,1학년,HY,02,B0903B,20210807,,20210807,20220207,010-3179-8956,S0,장애인,61506,서울시 가나구 다라동 140-39
정지영,M,20203377,2023SMSK02,A,980628,B,IT융합 자율학부,3학년,YY,02,B0805B,20200627,,20200627,20201227,010-6364-9620,S3,통학거리,58961,서울시 가나구 다라동 142-136
조성우,M,20236209,202301HD01,A,980603,B,[유한][UH] 컴퓨터소프트웨어공학과,3학년,HY,02,B0708A,20191122,,20191122,20200522,010-9063-6162,S0,장애인,37735,서울시 가나구 다라동 69-128
조성우,M,20211046,2023SMUH02,I,960712,B,미디어컨텐츠융합 자율학부,3학년,VY,02,B0909A,20200410,,20200410,20201010,010-1320-5229,S0,장애인,55011,서울시 가나구 다라동 44-87
조지영,F,20216185,2023SMSK02,I,980616,B,인뭉융합 자율학부,3학년,YY,02,B0906B,20200316,,20200316,20200916,010-7577-6084,S4,일반전형,71067,서울시 가나구 다라동 61-140
정수민,F,20236764,202301HD01,I,981103,B,[유한][UH] 패션디자인학과,2학년,VY,02,B1009A,20211210,,20211210,20220610,010-6666-4134,S3,통학거리,54990,서울시 가나구 다라동 39-112
박성우,F,20223956,202301SC10,I,990613,B,미디어컨텐츠융합 자율학부,3학년,HY,02,B0202A,20200624,,20200624,20201224,010-4664-2965,S1,저소득계층,15271,서울시 가나구 다라동 128-29
김예슬,M,20223347,2023SMSK02,I,980920,B,인뭉융합 자율학부,4학년,YY,02,B0409A,20230816,,20230816,20240216,010-5166-8346,S0,장애인,98557,서울시 가나구 다라동 102-71
정예진,F,20185978,2023SMSK02,I,990523,B,인뭉융합 자율학부,3학년,HY,02,B0202B,20200923,,20200923,20210323,010-4215-2529,S0,장애인,84627,서울시 가나구 다라동 142-30
임은지,M,20198527,2023SMUH02,A,961217,B,인뭉융합 자율학부,1학년,VY,02,B0607B,20231027,,20231027,20240427,010-9882-1406,S3,통학거리,45810,서울시 가나구 다라동 114-30
김민수,F,20200011,2023SMSK02,A,970718,B,인뭉융합 자율학부,2학년,VY,02,B1001A,20190417,,20190417,20191017,010-7064-1578,S2,장기입사 희망자,42289,서울시 가나구 다라동 114-111
이은지,M,20191370,2023SMSK02,A,961220,B,인뭉융합 자율학부,4학년,LY,02,B0104B,20210810,,20210810,20220210,010-2518-3502,S3,통학거리,23078,서울시 가나구 다라동 75-113
윤지영,F,20187598,202301HD01,A,961213,B,IT융합 자율학부,2학년,HY,02,B0506A,20220705,,20220705,20230105,010-5588-7034,S0,장애인,99415,서울시 가나구 다라동 142-148
조성우,M,20189639,2023SMSK02,A,990720,B,[유한][UH] 의료뷰티학과,4학년,YY,02,B1003B,20220427,,20220427,20221027,010-9469-4749,S4,일반전형,53831,서울시 가나구 다라동 54-68
정민수,M,20215091,2023SMUH02,I,961019,B,인뭉융합 자율학부,4학년,VY,02,B0101B,20210707,,20210707,20220107,010-5325-1211,S1,저소득계층,17857,서울시 가나구 다라동 122-132
윤예슬,M,20225765,202301HD01,A,990719,B,[유한][UH] 컴퓨터소프트웨어공학과,2학년,VY,02,B0905B,20231107,,20231107,20240507,010-9564-7858,S4,일반전형,11620,서울시 가나구 다라동 105-87
박수민,F,20216779,202301SC10,I,961201,B,인뭉융합 자율학부,2학년,YY,02,B0904A,20190215,,20190215,20190815,010-8341-9539,S1,저소득계층,74291,서울시 가나구 다라동 35-17
윤민수,F,20231757,202301SC10,A,970807,B,미디어컨텐츠융합 자율학부,4학년,VY,02,B0701A,20220621,,20220621,20221221,010-1439-9335,S3,통학거리,21170,서울시 가나구 다라동 30-110
정지영,M,20183707,202301HD01,A,971206,B,IT융합 자율학부,3학년,VY,02,B0709B,20200903,,20200903,20210303,010-8139-6519,S0,장애인,70383,서울시 가나구 다라동 78-44
박은지,M,20222018,2023SMUH02,A,961020,B,사회융합 자율학부,3학년,YY,02,B0405B,20220615,,20220615,20221215,010-9126-1438,S3,통학거리,64531,서울시 가나구 다라동 106-85
장예진,M,20217547,2023SMUH02,I,981215,B,[유한][UH] 패션디자인학과,1학년,YY,02,B0305A,20230301,,20230301,20230901,010-6228-4704,S2,장기입사 희망자,45793,서울시 가나구 다라동 142-10
조은지,F,20188834,2023SMUH02,A,980219,B,인뭉융합 자율학부,4학년,LY,02,B0304A,20200823,,20200823,20210223,010-2818-1767,S2,장기입사 희망자,86281,서울시 가나구 다라동 61-82
최지훈,F,20195926,2023SMSK02,A,980802,B,[유한][UH] 패션디자인학과,1학년,VY,02,B0104B,20220311,,20220311,20220911,010-9065-9653,S3,통학거리,21972,서울시 가나구 다라동 73-35
이지훈,F,20229936,2023SMSK02,I,970924,B,[유한][UH] 컴퓨터소프트웨어공학과,1학년,YY,02,B0804B,20221109,,20221109,20230509,010-3102-6042,S2,장기입사 희망자,25704,서울시 가나구 다라동 13-123
조수민,F,20224304,2023SMSK02,I,980422,B,[유한][UH] 패션디자인학과,1학년,LY,02,B0103A,20230925,,20230925,20240325,010-5028-1994,S1,저소득계층,53804,서울시 가나구 다라동 119-88
박민수,F,20226307,202301SC10,A,970206,B,사회융합 자율학부,4학년,YY,02,B0906B,20200422,,20200422,20201022,010-1954-4713,S2,장기입사 희망자,24147,서울시 가나구 다라동 107-1
윤지수,F,20193316,2023SMUH02,A,980325,B,미디어컨텐츠융합 자율학부,4학년,VY,02,B0101B,20220914,,20220914,20230314,010-2927-3115,S3,통학거리,27542,서울시 가나구 다라동 128-67
장성우,F,20205540,2023SMUH02,I,970602,B,인뭉융합 자율학부,1학년,YY,02,B0908A,20220402,,20220402,20221002,010-2378-9767,S0,장애인,48082,서울시 가나구 다라동 91-129
윤수민,M,20212348,202301SC10,I,970111,B,[유한][UH] 컴퓨터소프트웨어공학과,3학년,LY,02,B0903B,20230925,,20230925,20240325,010-7675-3646,S2,장기입사 희망자,48559,서울시 가나구 다라동 102-68
임현우,F,20192036,202301HD01,A,960408,B,인뭉융합 자율학부,4학년,VY,02,B0305B,20220313,,20220313,20220913,010-1568-8873,S2,장기입사 희망자,45458,서울시 가나구 다라동 35-129
박지수,M,20238732,2023SMUH02,I,981217,B,IT융합 자율학부,4학년,HY,02,B0605A,20220923,,20220923,20230323,010-3422-6591,S3,통학거리,19850,서울시 가나구 다라동 15-9
조수민,M,20199099,202301HD01,A,991022,B,사회융합 자율학부,2학년,VY,02,B0405A,20211020,,20211020,20220420,010-6338-2473,S3,통학거리,15324,서울시 가나구 다라동 24-139
장지훈,M,20181041,2023SMSK02,I,980109,B,미디어컨텐츠융합 자율학부,2학년,HY,02,B0109A,20230305,,20230305,20230905,010-4989-6766,S4,일반전형,67433,서울시 가나구 다라동 103-144
장지수,M,20219854,202301SC10,A,960115,B,[유한][UH] 의료뷰티학과,1학년,HY,02,B1005A,20231114,,20231114,20240514,010-2229-7758,S2,장기입사 희망자,54938,서울시 가나구 다라동 143-40
장지수,F,20180301,2023SMSK02,A,990618,B,IT융합 자율학부,2학년,HY,02,B0209A,20211210,,20211210,20220610,010-9378-9791,S4,일반전형,28743,서울시 가나구 다라동 46-149
최지영,M,20219618,202301SC10,I,971005,B,인뭉융합 자율학부,1학년,VY,02,B0504B,20210414,,20210414,20211014,010-6694-5436,S2,장기입사 희망자,82187,서울시 가나구 다라동 18-103
김지수,F,20198656,202301SC10,I,980602,B,[유한][UH] 컴퓨터소프트웨어공학과,3학년,VY,02,B0109A,20200119,,20200119,20200719,010-1662-7530,S2,장기입사 희망자,29815,서울시 가나구 다라동 41-53
박지영,F,20221802,2023SMUH02,I,971204,B,[유한][UH] 패션디자인학과,4학년,VY,02,B0503A,20200719,,20200719,20210119,010-4117-9181,S4,일반전형,33600,서울시 가나구 다라동 40-53
정예진,F,20199185,2023SMSK02,A,981104,B,미디어컨텐츠융합 자율학부,4학년,LY,02,B0207B,20191024,,20191024,20200424,010-3841-9552,S0,장애인,76352,서울시 가나구 다라동 110-11
정지수,M,20210574,202301HD01,I,991114,B,미디어컨텐츠융합 자율학부,4학년,LY,02,B0809A,20230509,,20230509,20231109,010-4426-9117,S1,저소득계층,89138,서울시 가나구 다라동 145-93
정은지,M,20210690,2023SMSK02,I,970711,B,[유한][UH] 패션디자인학과,4학년,YY,02,B0608A,20210904,,20210904,20220304,010-2556-7286,S3,통학거리,96687,서울시 가나구 다라동 51-99
임현우,F,20184160,2023SMUH02,A,991010,B,인뭉융합 자율학부,2학년,VY,02,B0708A,20220811,,20220811,20230211,010-7236-8676,S2,장기입사 희망자,74246,서울시 가나구 다라동 59-94
윤민수,M,20181442,2023SMSK02,A,980502,B,미디어컨텐츠융합 자율학부,4학년,LY,02,B0106A,20231206,,20231206,20240606,010-6207-5290,S0,장애인,54051,서울시 가나구 다라동 107-129
정지영,M,20219985,2023SMUH02,A,981112,B,미디어컨텐츠융합 자율학부,3학년,LY,02,B0208A,20200323,,20200323,20200923,010-9008-5787,S2,장기입사 희망자,94388,서울시 가나구 다라동 90-77
조지수,M,20192983,202301HD01,A,960104,B,사회융합 자율학부,1학년,HY,02,B0405B,20230701,,20230701,20240101,010-6742-6534,S3,통학거리,64434,서울시 가나구 다라동 16-19
윤예진,F,20215263,202301SC10,I,960610,B,미디어컨텐츠융합 자율학부,4학년,HY,02,B0503B,20200606,,20200606,20201206,010-6432-7995,S0,장애인,62509,서울시 가나구 다라동 134-50
윤현우,F,20195251,202301SC10,A,960413,B,[유한][UH] 컴퓨터소프트웨어공학과,3학년,LY,02,B0109A,20210709,,20210709,20220109,010-8900-7497,S0,장애인,21178,서울시 가나구 다라동 28-33
이민수,M,20196124,2023SMSK02,A,971216,B,인뭉융합 자율학부,4학년,YY,02,B0103A,20210624,,20210624,20211224,010-3523-3531,S1,저소득계층,69910,서울시 가나구 다라동 118-133
임지훈,M,20236773,202301HD01,I,960812,B,[유한][UH] 컴퓨터소프트웨어공학과,4학년,LY,02,B0606B,20190419,,20190419,20191019,010-5818-3684,S4,일반전형,30818,서울시 가나구 다라동 117-122
최현우,F,20231863,202301SC10,I,960722,B,사회융합 자율학부,1학년,LY,02,B0402A,20200528,,20200528,20201128,010-1632-3183,S3,통학거리,50433,서울시 가나구 다라동 123-133
강현우,M,20214690,202301SC10,I,970401,B,IT융합 자율학부,3학년,VY,02,B0606A,20210620,,20210620,20211220,010-5199-1783,S4,일반전형,47252,서울시 가나구 다라동 40-104
장민수,M,20214180,2023SMUH02,A,990416,B,IT융합 자율학부,1학년,LY,02,B0808B,20210214,,20210214,20210814,010-3243-1846,S2,장기입사 희망자,68787,서울시 가나구 다라동 21-5
박은지,M,20229454,2023SMUH02,A,961025,B,[유한][UH] 의료뷰티학과,1학년,HY,02,B0102B,20210209,,20210209,20210809,010-9607-5481,S1,저소득계층,89914,서울시 가나구 다라동 104-127
강예슬,M,20196158,2023SMSK02,A,981022,B,IT융합 자율학부,1학년,LY,02,B0607A,20210120,,20210120,20210720,010-6709-8220,S0,장애인,99706,서울시 가나구 다라동 125-79
이현우,M,20204991,2023SMUH02,I,980807,B,미디어컨텐츠융합 자율학부,1학년,HY,02,B0209A,20231128,,20231128,20240528,010-7310-4243,S4,일반전형,59021,서울시 가나구 다라동 145-114
박예진,F,20234762,2023SMSK02,A,980602,B,[유한][UH] 컴퓨터소프트웨어공학과,1학년,VY,02,B0801B,20230922,,20230922,20240322,010-4599-5153,S2,장기입사 희망자,84880,서울시 가나구 다라동 70-126
임민수,F,20206355,202301SC10,A,970217,B,IT융합 자율학부,4학년,VY,02,B0103A,20200315,,20200315,20200915,010-3225-8689,S2,장기입사 희망자,88213,서울시 가나구 다라동 96-74
이예진,F,20220473,202301HD01,I,980625,B,사회융합 자율학부,4학년,YY,02,B1003B,20230110,,20230110,20230710,010-8085-1386,S2,장기입사 희망자,41226,서울시 가나구 다라동 38-135
박지영,M,20217954,202301HD01,A,980708,B,[유한][UH] 의료뷰티학과,4학년,LY,02,B0209A,20200218,,20200218,20200818,010-5328-6753,S4,일반전형,88917,서울시 가나구 다라동 16-147
김수민,F,20206295,2023SMSK02,I,960415,B,[유한][UH] 컴퓨터소프트웨어공학과,1학년,LY,02,B0207A,20190125,,20190125,20190725,010-9873-6731,S1,저소득계층,60315,서울시 가나구 다라동 102-9
윤지훈,M,20228029,202301HD01,I,971214,B,[유한][UH] 패션디자인학과,3학년,LY,02,B0409A,20200621,,20200621,20201221,010-2577-1255,S1,저소득계층,51371,서울시 가나구 다라동 56-26
장예슬,F,20196303,202301SC10,A,980222,B,[유한][UH] 의료뷰티학과,1학년,VY,02,B0701B,20231113,,20231113,20240513,010-8328-6907,S2,장기입사 희망자,70063,서울시 가나구 다라동 92-149
정민수,M,20214109,2023SMSK02,I,971113,B,IT융합 자율학부,2학년,HY,02,B0204B,20200116,,20200116,20200716,010-8914-1289,S2,장기입사 희망자,68108,서울시 가나구 다라동 31-46
조은지,F,20213797,2023SMSK02,I,990613,B,[유한][UH] 의료뷰티학과,1학년,HY,02,B0601A,20220825,,20220825,20230225,010-9715-7582,S0,장애인,48273,서울시 가나구 다라동 25-1
이예진,M,20202126,202301HD01,I,980518,B,인뭉융합 자율학부,4학년,YY,02,B0405B,20210110,,20210110,20210710,010-5140-9945,S2,장기입사 희망자,67302,서울시 가나구 다라동 94-124
윤지영,M,20195899,202301HD01,A,990604,B,[유한][UH] 의료뷰티학과,4학년,HY,02,B0305A,20230807,,20230807,20240207,010-1447-5691,S3,통학거리,13586,서울시 가나구 다라동 11-37
조성우,F,20221508,2023SMUH02,I,980316,B,인뭉융합 자율학부,4학년,YY,02,B0801A,20200325,,20200325,20200925,010-3662-2185,S2,장기입사 희망자,97926,서울시 가나구 다라동 142-27
박민수,M,20227641,202301HD01,I,990921,B,미디어컨텐츠융합 자율학부,4학년,YY,02,B0208B,20210915,,20210915,20220315,010-7727-8038,S3,통학거리,87298,서울시 가나구 다라동 63-71
최은지,F,20227905,202301HD01,I,991223,B,사회융합 자율학부,3학년,VY,02,B0505A,20191225,,20191225,20200625,010-9949-1215,S0,장애인,38335,서울시 가나구 다라동 91-32
김민수,M,20186965,202301HD01,A,981022,B,IT융합 자율학부,2학년,VY,02,B1009B,20220307,,20220307,20220907,010-7514-6343,S1,저소득계층,69304,서울시 가나구 다라동 73-62
박은지,M,20212411,2023SMUH02,I,990310,B,미디어컨텐츠융합 자율학부,3학년,LY,02,B0508B,20231001,,20231001,20240401,010-1228-9152,S3,통학거리,65675,서울시 가나구 다라동 60-64
이지영,M,20202230,2023SMUH02,A,960809,B,[유한][UH] 의료뷰티학과,4학년,YY,02,B0801B,20200119,,20200119,20200719,010-2880-6721,S0,장애인,50474,서울시 가나구 다라동 83-13
윤은지,M,20226566,202301HD01,I,990126,B,미디어컨텐츠융합 자율학부,4학년,VY,02,B0402B,20210726,,20210726,20220126,010-9278-4214,S4,일반전형,29723,서울시 가나구 다라동 27-128
김예진,M,20211457,2023SMSK02,A,970905,B,[유한][UH] 패션디자인학과,2학년,VY,02,B1003A,20230307,,20230307,20230907,010-8053-3033,S4,일반전형,65778,서울시 가나구 다라동 33-67
박수민,M,20231075,2023SMUH02,A,990904,B,사회융합 자율학부,1학년,LY,02,B0903B,20220614,,20220614,20221214,010-9474-2443,S1,저소득계층,74555,서울시 가나구 다라동 65-54
장지수,F,20196607,202301HD01,A,980910,B,사회융합 자율학부,2학년,VY,02,B0501B,20230520,,20230520,20231120,010-4985-5270,S4,일반전형,62569,서울시 가나구 다라동 68-22
장은지,F,20213039,2023SMUH02,I,980305,B,IT융합 자율학부,2학년,YY,02,B0409B,20210412,,20210412,20211012,010-7485-2784,S0,장애인,49292,서울시 가나구 다라동 108-120
장예진,M,20189089,202301HD01,I,960214,B,인뭉융합 자율학부,4학년,LY,02,B0104A,20190703,,20190703,20200103,010-1924-4651,S4,일반전형,84107,서울시 가나구 다라동 139-47
임성우,F,20190055,2023SMSK02,I,981213,B,사회융합 자율학부,4학년,LY,02,B0901B,20190311,,20190311,20190911,010-9132-7348,S2,장기입사 희망자,11506,서울시 가나구 다라동 125-8
박지영,F,20235553,202301SC10,A,990127,B,사회융합 자율학부,2학년,LY,02,B0205A,20210305,,20210305,20210905,010-3937-7359,S0,장애인,94510,서울시 가나구 다라동 15-71
강지영,F,20226114,202301HD01,A,960305,B,IT융합 자율학부,2학년,VY,02,B0507B,20200322,,20200322,20200922,010-1660-8159,S4,일반전형,25468,서울시 가나구 다라동 8-70
강수민,M,20197547,2023SMUH02,I,971215,B,[유한][UH] 의료뷰티학과,3학년,YY,02,B0601B,20191106,,20191106,20200506,010-7223-6552,S4,일반전형,28375,서울시 가나구 다라동 146-16
김지훈,M,20182129,2023SMSK02,I,990414,B,[유한][UH] 컴퓨터소프트웨어공학과,1학년,VY,02,B0605A,20191206,,20191206,20200606,010-9214-8149,S4,일반전형,65086,서울시 가나구 다라동 138-53
정예슬,M,20220053,202301SC10,A,980314,B,IT융합 자율학부,2학년,LY,02,B0306B,20230813,,20230813,20240213,010-6672-2265,S2,장기입사 희망자,61956,서울시 가나구 다라동 1-148
이민수,F,20211334,202301HD01,A,961020,B,[유한][UH] 컴퓨터소프트웨어공학과,1학년,LY,02,B0603B,20190403,,20190403,20191003,010-2093-2779,S4,일반전형,28834,서울시 가나구 다라동 73-50
정은지,M,20182401,202301SC10,I,960421,B,[유한][UH] 컴퓨터소프트웨어공학과,1학년,YY,02,B0408B,20200205,,20200205,20200805,010-6300-6967,S0,장애인,85996,서울시 가나구 다라동 32-81
이지수,M,20199127,202301SC10,I,970308,B,사회융합 자율학부,3학년,VY,02,B0904A,20211204,,20211204,20220604,010-7093-7708,S3,통학거리,21471,서울시 가나구 다라동 118-38
